{"data": {"annotation": {"counts": 1, "probability": 0.00043687199650502403}, "ratio": {"counts": 5, "probability": 0.00218435998252512}, "\u2197": {"counts": 4, "probability": 0.0017474879860200961}, "scattering": {"counts": 26, "probability": 0.011358671909130624}, "ip": {"counts": 4, "probability": 0.0017474879860200961}, "#": {"counts": 19, "probability": 0.008300567933595456}, "": {"counts": 408, "probability": 0.1782437745740498}, "1": {"counts": 21, "probability": 0.009174311926605505}, "2": {"counts": 15, "probability": 0.00655307994757536}, "3": {"counts": 12, "probability": 0.005242463958060288}, "4": {"counts": 12, "probability": 0.005242463958060288}, "initialvalue": {"counts": 1, "probability": 0.00043687199650502403}, "exclude": {"counts": 1, "probability": 0.00043687199650502403}, "\u26a0": {"counts": 2, "probability": 0.0008737439930100481}, "sample": {"counts": 16, "probability": 0.0069899519440803845}, "id": {"counts": 19, "probability": 0.008300567933595456}, "\u2300": {"counts": 14, "probability": 0.0061162079510703364}, "\u03c3": {"counts": 7, "probability": 0.0030581039755351682}, "capillary": {"counts": 9, "probability": 0.003931847968545216}, "excitation": {"counts": 1, "probability": 0.00043687199650502403}, "power": {"counts": 1, "probability": 0.00043687199650502403}, "start": {"counts": 2, "probability": 0.0008737439930100481}, "temperature": {"counts": 11, "probability": 0.004805591961555264}, "end": {"counts": 3, "probability": 0.001310615989515072}, "slope": {"counts": 1, "probability": 0.00043687199650502403}, "time": {"counts": 13, "probability": 0.005679335954565312}, "duration": {"counts": 1, "probability": 0.00043687199650502403}, "custom": {"counts": 1, "probability": 0.00043687199650502403}, "marker": {"counts": 1, "probability": 0.00043687199650502403}, "onset": {"counts": 2, "probability": 0.0008737439930100481}, "inflection": {"counts": 12, "probability": 0.005242463958060288}, "point": {"counts": 12, "probability": 0.005242463958060288}, "330nm": {"counts": 4, "probability": 0.0017474879860200961}, "350nm": {"counts": 6, "probability": 0.002621231979030144}, "5": {"counts": 10, "probability": 0.00436871996505024}, "6": {"counts": 9, "probability": 0.003931847968545216}, "protein": {"counts": 4, "probability": 0.0017474879860200961}, "tonset": {"counts": 2, "probability": 0.0008737439930100481}, "tm1": {"counts": 3, "probability": 0.001310615989515072}, "tm2": {"counts": 3, "probability": 0.001310615989515072}, "tm3": {"counts": 3, "probability": 0.001310615989515072}, "tagg": {"counts": 3, "probability": 0.001310615989515072}, "concentration": {"counts": 9, "probability": 0.003931847968545216}, "(": {"counts": 55, "probability": 0.024027959807776323}, "mg/ml": {"counts": 2, "probability": 0.0008737439930100481}, ")": {"counts": 55, "probability": 0.024027959807776323}, "name": {"counts": 10, "probability": 0.00436871996505024}, "zw": {"counts": 4, "probability": 0.0017474879860200961}, "chain": {"counts": 4, "probability": 0.0017474879860200961}, "b": {"counts": 7, "probability": 0.0030581039755351682}, "tm": {"counts": 2, "probability": 0.0008737439930100481}, "monomer": {"counts": 2, "probability": 0.0008737439930100481}, "%": {"counts": 2, "probability": 0.0008737439930100481}, "se-hplc": {"counts": 1, "probability": 0.00043687199650502403}, "7": {"counts": 8, "probability": 0.0034949759720401923}, "8": {"counts": 8, "probability": 0.0034949759720401923}, "9": {"counts": 8, "probability": 0.0034949759720401923}, "10": {"counts": 8, "probability": 0.0034949759720401923}, "11": {"counts": 8, "probability": 0.0034949759720401923}, "12": {"counts": 8, "probability": 0.0034949759720401923}, "13": {"counts": 8, "probability": 0.0034949759720401923}, "14": {"counts": 8, "probability": 0.0034949759720401923}, "15": {"counts": 8, "probability": 0.0034949759720401923}, "16": {"counts": 8, "probability": 0.0034949759720401923}, "17": {"counts": 8, "probability": 0.0034949759720401923}, "18": {"counts": 8, "probability": 0.0034949759720401923}, "19": {"counts": 8, "probability": 0.0034949759720401923}, "20": {"counts": 8, "probability": 0.0034949759720401923}, "21": {"counts": 8, "probability": 0.0034949759720401923}, "22": {"counts": 8, "probability": 0.0034949759720401923}, "23": {"counts": 8, "probability": 0.0034949759720401923}, "24": {"counts": 8, "probability": 0.0034949759720401923}, "hsab195": {"counts": 24, "probability": 0.010484927916120577}, "hsab196": {"counts": 24, "probability": 0.010484927916120577}, "hsab202": {"counts": 24, "probability": 0.010484927916120577}, "hsab203": {"counts": 24, "probability": 0.010484927916120577}, "bc3b34": {"counts": 16, "probability": 0.0069899519440803845}, "b17b619": {"counts": 16, "probability": 0.0069899519440803845}, "b17b616": {"counts": 16, "probability": 0.0069899519440803845}, "b17b618": {"counts": 16, "probability": 0.0069899519440803845}, "dl3b588": {"counts": 16, "probability": 0.0069899519440803845}, "cnto5825": {"counts": 16, "probability": 0.0069899519440803845}, "[": {"counts": 116, "probability": 0.05067715159458279}, "]": {"counts": 116, "probability": 0.05067715159458279}, "\u00b0": {"counts": 8, "probability": 0.0034949759720401923}, "\u00b0c": {"counts": 8, "probability": 0.0034949759720401923}, "fluorescence": {"counts": 72, "probability": 0.03145478374836173}, "count": {"counts": 72, "probability": 0.03145478374836173}, "first": {"counts": 96, "probability": 0.04193971166448231}, "derivative": {"counts": 96, "probability": 0.04193971166448231}, "mau": {"counts": 24, "probability": 0.010484927916120577}, "step": {"counts": 4, "probability": 0.0017474879860200961}, "group": {"counts": 2, "probability": 0.0008737439930100481}, "type": {"counts": 4, "probability": 0.0017474879860200961}, "flow": {"counts": 4, "probability": 0.0017474879860200961}, "ul/min": {"counts": 4, "probability": 0.0017474879860200961}, "sec": {"counts": 4, "probability": 0.0017474879860200961}, "dis": {"counts": 2, "probability": 0.0008737439930100481}, ".": {"counts": 17, "probability": 0.007426823940585408}, "panel": {"counts": 2, "probability": 0.0008737439930100481}, "orientation": {"counts": 2, "probability": 0.0008737439930100481}, "initial": {"counts": 4, "probability": 0.0017474879860200961}, "plate": {"counts": 2, "probability": 0.0008737439930100481}, ",": {"counts": 4, "probability": 0.0017474879860200961}, "change": {"counts": 2, "probability": 0.0008737439930100481}, "rack": {"counts": 2, "probability": 0.0008737439930100481}, "parameter": {"counts": 2, "probability": 0.0008737439930100481}, "location": {"counts": 2, "probability": 0.0008737439930100481}, "contact": {"counts": 2, "probability": 0.0008737439930100481}, "rate": {"counts": 2, "probability": 0.0008737439930100481}, "ligand": {"counts": 4, "probability": 0.0017474879860200961}, "level": {"counts": 4, "probability": 0.0017474879860200961}, "startselection": {"counts": 1, "probability": 0.00043687199650502403}, "endselection": {"counts": 1, "probability": 0.00043687199650502403}, "avg": {"counts": 1, "probability": 0.00043687199650502403}, "sd": {"counts": 1, "probability": 0.00043687199650502403}, "rsd": {"counts": 1, "probability": 0.00043687199650502403}, "unit": {"counts": 2, "probability": 0.0008737439930100481}, "ru": {"counts": 7, "probability": 0.0030581039755351682}, "t-onset": {"counts": 1, "probability": 0.00043687199650502403}, "buffer": {"counts": 9, "probability": 0.003931847968545216}, "column": {"counts": 30, "probability": 0.01310615989515072}, "1-2": {"counts": 5, "probability": 0.00218435998252512}, "3-4": {"counts": 5, "probability": 0.00218435998252512}, "5-6": {"counts": 5, "probability": 0.00218435998252512}, "7-8": {"counts": 5, "probability": 0.00218435998252512}, "9-10": {"counts": 5, "probability": 0.00218435998252512}, "11-12": {"counts": 5, "probability": 0.00218435998252512}, "c": {"counts": 5, "probability": 0.00218435998252512}, "e": {"counts": 5,