{"data": {"capillary": {"counts": 9, "probability": 0.004023245417970496}, "sample": {"counts": 15, "probability": 0.006705409029950827}, "id": {"counts": 18, "probability": 0.008046490835940992}, "excitation": {"counts": 1, "probability": 0.0004470272686633885}, "power": {"counts": 1, "probability": 0.0004470272686633885}, "start": {"counts": 2, "probability": 0.000894054537326777}, "temperature": {"counts": 11, "probability": 0.0049172999552972736}, "end": {"counts": 3, "probability": 0.0013410818059901655}, "slope": {"counts": 1, "probability": 0.0004470272686633885}, "time": {"counts": 13, "probability": 0.00581135449262405}, "duration": {"counts": 1, "probability": 0.0004470272686633885}, "custom": {"counts": 1, "probability": 0.0004470272686633885}, "marker": {"counts": 1, "probability": 0.0004470272686633885}, "#": {"counts": 15, "probability": 0.006705409029950827}, "": {"counts": 404, "probability": 0.18059901654000893}, "1": {"counts": 20, "probability": 0.008940545373267769}, "ratio": {"counts": 4, "probability": 0.001788109074653554}, "onset": {"counts": 2, "probability": 0.000894054537326777}, "scattering": {"counts": 25, "probability": 0.011175681716584712}, "inflection": {"counts": 12, "probability": 0.005364327223960662}, "point": {"counts": 12, "probability": 0.005364327223960662}, "2": {"counts": 14, "probability": 0.006258381761287439}, "330nm": {"counts": 4, "probability": 0.001788109074653554}, "3": {"counts": 11, "probability": 0.0049172999552972736}, "4": {"counts": 11, "probability": 0.0049172999552972736}, "350nm": {"counts": 6, "probability": 0.002682163611980331}, "5": {"counts": 10, "probability": 0.004470272686633884}, "6": {"counts": 9, "probability": 0.004023245417970496}, "protein": {"counts": 4, "probability": 0.001788109074653554}, "tonset": {"counts": 2, "probability": 0.000894054537326777}, "tm1": {"counts": 3, "probability": 0.0013410818059901655}, "tm2": {"counts": 3, "probability": 0.0013410818059901655}, "tm3": {"counts": 3, "probability": 0.0013410818059901655}, "tagg": {"counts": 3, "probability": 0.0013410818059901655}, "concentration": {"counts": 9, "probability": 0.004023245417970496}, "(": {"counts": 55, "probability": 0.024586499776486366}, "mg/ml": {"counts": 2, "probability": 0.000894054537326777}, ")": {"counts": 55, "probability": 0.024586499776486366}, "name": {"counts": 10, "probability": 0.004470272686633884}, "zw": {"counts": 4, "probability": 0.001788109074653554}, "chain": {"counts": 4, "probability": 0.001788109074653554}, "b": {"counts": 7, "probability": 0.0031291908806437194}, "tm": {"counts": 2, "probability": 0.000894054537326777}, "monomer": {"counts": 2, "probability": 0.000894054537326777}, "%": {"counts": 2, "probability": 0.000894054537326777}, "se-hplc": {"counts": 1, "probability": 0.0004470272686633885}, "7": {"counts": 8, "probability": 0.003576218149307108}, "8": {"counts": 8, "probability": 0.003576218149307108}, "9": {"counts": 8, "probability": 0.003576218149307108}, "10": {"counts": 8, "probability": 0.003576218149307108}, "11": {"counts": 8, "probability": 0.003576218149307108}, "12": {"counts": 8, "probability": 0.003576218149307108}, "13": {"counts": 8, "probability": 0.003576218149307108}, "14": {"counts": 8, "probability": 0.003576218149307108}, "15": {"counts": 8, "probability": 0.003576218149307108}, "16": {"counts": 8, "probability": 0.003576218149307108}, "17": {"counts": 8, "probability": 0.003576218149307108}, "18": {"counts": 8, "probability": 0.003576218149307108}, "19": {"counts": 8, "probability": 0.003576218149307108}, "20": {"counts": 8, "probability": 0.003576218149307108}, "21": {"counts": 8, "probability": 0.003576218149307108}, "22": {"counts": 8, "probability": 0.003576218149307108}, "23": {"counts": 8, "probability": 0.003576218149307108}, "24": {"counts": 8, "probability": 0.003576218149307108}, "hsab195": {"counts": 24, "probability": 0.010728654447921324}, "hsab196": {"counts": 24, "probability": 0.010728654447921324}, "hsab202": {"counts": 24, "probability": 0.010728654447921324}, "hsab203": {"counts": 24, "probability": 0.010728654447921324}, "bc3b34": {"counts": 16, "probability": 0.007152436298614216}, "b17b619": {"counts": 16, "probability": 0.007152436298614216}, "b17b616": {"counts": 16, "probability": 0.007152436298614216}, "b17b618": {"counts": 16, "probability": 0.007152436298614216}, "dl3b588": {"counts": 16, "probability": 0.007152436298614216}, "cnto5825": {"counts": 16, "probability": 0.007152436298614216}, "[": {"counts": 116, "probability": 0.05185516316495306}, "]": {"counts": 116, "probability": 0.05185516316495306}, "\u00b0": {"counts": 8, "probability": 0.003576218149307108}, "\u00b0c": {"counts": 8, "probability": 0.003576218149307108}, "fluorescence": {"counts": 72, "probability": 0.03218596334376397}, "count": {"counts": 72, "probability": 0.03218596334376397}, "first": {"counts": 96, "probability": 0.042914617791685296}, "derivative": {"counts": 96, "probability": 0.042914617791685296}, "mau": {"counts": 24, "probability": 0.010728654447921324}, "step": {"counts": 4, "probability": 0.001788109074653554}, "group": {"counts": 2, "probability": 0.000894054537326777}, "type": {"counts": 4, "probability": 0.001788109074653554}, "flow": {"counts": 4, "probability": 0.001788109074653554}, "ul/min": {"counts": 4, "probability": 0.001788109074653554}, "sec": {"counts": 4, "probability": 0.001788109074653554}, "dis": {"counts": 2, "probability": 0.000894054537326777}, ".": {"counts": 17, "probability": 0.007599463567277604}, "panel": {"counts": 2, "probability": 0.000894054537326777}, "orientation": {"counts": 2, "probability": 0.000894054537326777}, "initial": {"counts": 4, "probability": 0.001788109074653554}, "plate": {"counts": 2, "probability": 0.000894054537326777}, ",": {"counts": 4, "probability": 0.001788109074653554}, "change": {"counts": 2, "probability": 0.000894054537326777}, "rack": {"counts": 2, "probability": 0.000894054537326777}, "parameter": {"counts": 2, "probability": 0.000894054537326777}, "location": {"counts": 2, "probability": 0.000894054537326777}, "contact": {"counts": 2, "probability": 0.000894054537326777}, "rate": {"counts": 2, "probability": 0.000894054537326777}, "ligand": {"counts": 4, "probability": 0.001788109074653554}, "level": {"counts": 4, "probability": 0.001788109074653554}, "startselection": {"counts": 1, "probability": 0.0004470272686633885}, "endselection": {"counts": 1, "probability": 0.0004470272686633885}, "avg": {"counts": 1, "probability": 0.0004470272686633885}, "sd": {"counts": 1, "probability": 0.0004470272686633885}, "rsd": {"counts": 1, "probability": 0.0004470272686633885}, "unit": {"counts": 2, "probability": 0.000894054537326777}, "ru": {"counts": 7, "probability": 0.0031291908806437194}, "t-onset": {"counts": 1, "probability": 0.0004470272686633885}, "buffer": {"counts": 9, "probability": 0.004023245417970496}, "column": {"counts": 30, "probability": 0.013410818059901655}, "1-2": {"counts": 5, "probability": 0.002235136343316942}, "3-4": {"counts": 5, "probability": 0.002235136343316942}, "5-6": {"counts": 5, "probability": 0.002235136343316942}, "7-8": {"counts": 5, "probability": 0.002235136343316942}, "9-10": {"counts": 5, "probability": 0.002235136343316942}, "11-12": {"counts": 5, "probability": 0.002235136343316942}, "c": {"counts": 5, "probability": 0.002235136343316942}, "e": {"counts": 5, "probability": 0.002235136343316942}, "f": {"counts": 5, "probability": 0.002235136343316942}, "g": {"counts": 5, "probability": 0.002235136343316942}, "h": {"counts": 5, "probability": 0.002235136343316942}, "well": {"counts": 5, "probability": 0.002235136343316942}, ":": {"counts": 22, "probability": 0.009834599910594547}, "lot": {"counts": 5, "probability": 0.002235136343316942}, "number": {"counts": 5, "probability": 0.002235136343316942}, "exp": {"counts": 5, "probability": 0.002235136343316942}, "date": {"counts": 7, "probability": 0.0031291908806437194},